1;Erminia;Seaman;address;address;91120;erminia.seaman@gmail.com;123456789;root;path;admin;;
2;Talisha;Sumler;address;address;91120;talisha.sumler@gmail.com;123456789;admin;path;matron;;
3;Herman;Bosarge;address;address;91120;herman.bosarge@gmail.com;123456789;test;path;matron;;
4;Ashanti;Tolan;address;address;91120;ashanti.tolan@gmail.com;123456789;matrix;path;matron;;
5;Mabelle;Willms;address;address;91120;mabelle.willms@gmail.com;123456789;ghost;path;matron;;
6;Leonia;Marten;address;address;91120;leonia.marten@gmail.com;123456789;sleeper;path;user;;
7;Rasheeda;Overlock;address;address;91120;rasheeda.overlock@gmail.com;123456789;slider;path;user;;
8;Dallas;Kubacki;address;address;91120;dallas.kubacki@gmail.com;123456789;guest;path;user;;
9;Toccara;Tegeler;address;address;91120;toccara.tegeler@gmail.com;123456789;123456;path;user;;
10;Rigoberto;Clements;address;address;91120;rigoberto.clements@gmail.com;123456789;magnos;path;user;;
11;Katheleen;Sheller;address;address;91120;katheleen.sheller@gmail.com;123456789;333333;path;user;;
12;Stephine;Hazel;address;address;91120;stephine.hazel@gmail.com;123456789;444444;path;user;;
13;Telma;Cinnamon;address;address;91120;telma.cinnamon@gmail.com;123456789;aaron;path;user;;
14;Daria;Biello;address;address;91120;daria.biello@gmail.com;123456789;jun;path;user;;
15;Mirella;Dargie;address;address;91120;mirella.dargie@gmail.com;123456789;rebecca;path;user;;
16;Tonya;Vogel;address;address;91120;tonya.vogel@gmail.com;123456789;einstein;path;user;;
17;Mohammad;Kullman;address;address;91120;mohammad.kullman@gmail.com;123456789;anna;path;user;;
18;Caroyln;Kwong;address;address;91120;caroyln.kwong@gmail.com;123456789;sara;path;user;;
19;Lewis;Spector;address;address;91120;lewis.spector@gmail.com;123456789;singnin;path;user;;
20;Genesis;Mattison;address;address;91120;genesis.mattison@gmail.com;123456789;amy;path;user;;
21;Brendon;Callery;address;address;91120;brendon.callery@gmail.com;123456789;12345;path;user;;
22;Erlene;Wheeless;address;address;91120;erlene.wheeless@gmail.com;123456789;!@#$%^;path;user;;
23;Kerry;Pentecost;address;address;91120;kerry.pentecost@gmail.com;123456789;555555;path;user;;
24;Paulette;Florey;address;address;91120;paulette.florey@gmail.com;123456789;tracy;path;user;;
25;Kandace;Rahman;address;address;91120;kandace.rahman@gmail.com;123456789;happy;path;user;;
26;Christine;Rieser;address;address;91120;christine.rieser@gmail.com;123456789;controller;path;user;;
27;Manuel;Jara;address;address;91120;manuel.jara@gmail.com;123456789;666666;path;user;;
28;Amina;Chatham;address;address;91120;amina.chatham@gmail.com;123456789;emily;path;user;;
29;Hyman;Steinberger;address;address;91120;hyman.steinberger@gmail.com;123456789;god;path;user;;
30;Dean;Barbagallo;address;address;91120;dean.barbagallo@gmail.com;123456789;backuppc;path;user;;
;;;;;;;;;;;;
